{
  "curve": [
    {
      "fraction": 0.1,
      "n_sgf": 14,
      "n_rows": 504,
      "hist_b10c128_mean": 0.8225777902813378,
      "hist_b10c128_se": 0.014109029400959372,
      "hist_b18c384nbt_mean": 0.7527660034399103,
      "hist_b18c384nbt_se": 0.02725864967616288,
      "hist_b28c512nbt_mean": 0.7254993878297133,
      "hist_b28c512nbt_se": 0.028198197721001975,
      "modern_b10c128_mean": 0.8406155547547413,
      "modern_b10c128_se": 0.011983088802430918,
      "modern_b18c384nbt_mean": 0.7644889697609746,
      "modern_b18c384nbt_se": 0.03279692512936069,
      "modern_b28c512nbt_mean": 0.7679537816955263,
      "modern_b28c512nbt_se": 0.024041665225276235
    },
    {
      "fraction": 0.2,
      "n_sgf": 29,
      "n_rows": 1044,
      "hist_b10c128_mean": 0.8543922024844294,
      "hist_b10c128_se": 0.005566342285014646,
      "hist_b18c384nbt_mean": 0.7497966416341351,
      "hist_b18c384nbt_se": 0.005156281509992714,
      "hist_b28c512nbt_mean": 0.7213762578841355,
      "hist_b28c512nbt_se": 0.014274790503461485,
      "modern_b10c128_mean": 0.8553192631731039,
      "modern_b10c128_se": 0.015992208244463763,
      "modern_b18c384nbt_mean": 0.7874893180041248,
      "modern_b18c384nbt_se": 0.008889943697108377,
      "modern_b28c512nbt_mean": 0.772294084294566,
      "modern_b28c512nbt_se": 0.019744220158042922
    },
    {
      "fraction": 0.3,
      "n_sgf": 44,
      "n_rows": 1584,
      "hist_b10c128_mean": 0.8616131248730546,
      "hist_b10c128_se": 0.009615666520727425,
      "hist_b18c384nbt_mean": 0.775965115028441,
      "hist_b18c384nbt_se": 0.01067593944412478,
      "hist_b28c512nbt_mean": 0.7494150362157873,
      "hist_b28c512nbt_se": 0.018539218271355407,
      "modern_b10c128_mean": 0.8618113416624611,
      "modern_b10c128_se": 0.005289974982263386,
      "modern_b18c384nbt_mean": 0.7973007845405147,
      "modern_b18c384nbt_se": 0.008019739529521017,
      "modern_b28c512nbt_mean": 0.7888102896626691,
      "modern_b28c512nbt_se": 0.009273574610599772
    },
    {
      "fraction": 0.4,
      "n_sgf": 58,
      "n_rows": 2088,
      "hist_b10c128_mean": 0.8718321658528196,
      "hist_b10c128_se": 0.004407812104166814,
      "hist_b18c384nbt_mean": 0.774276182300664,
      "hist_b18c384nbt_se": 0.011371904344801814,
      "hist_b28c512nbt_mean": 0.7575153310013865,
      "hist_b28c512nbt_se": 0.03771973641525199,
      "modern_b10c128_mean": 0.884482272238971,
      "modern_b10c128_se": 0.006222044275819397,
      "modern_b18c384nbt_mean": 0.8293233165922889,
      "modern_b18c384nbt_se": 0.01485868774627883,
      "modern_b28c512nbt_mean": 0.8125927442381506,
      "modern_b28c512nbt_se": 0.0012024968458784408
    },
    {
      "fraction": 0.5,
      "n_sgf": 72,
      "n_rows": 2592,
      "hist_b10c128_mean": 0.8740945133459809,
      "hist_b10c128_se": 0.009521028391153163,
      "hist_b18c384nbt_mean": 0.790720386569013,
      "hist_b18c384nbt_se": 0.013921273870702537,
      "hist_b28c512nbt_mean": 0.7714516553116012,
      "hist_b28c512nbt_se": 0.003479710178836609,
      "modern_b10c128_mean": 0.8755293844377451,
      "modern_b10c128_se": 0.006875396646095855,
      "modern_b18c384nbt_mean": 0.8493011087172757,
      "modern_b18c384nbt_se": 0.011914972774874287,
      "modern_b28c512nbt_mean": 0.8552325640688766,
      "modern_b28c512nbt_se": 0.012386733895537788
    },
    {
      "fraction": 0.6,
      "n_sgf": 87,
      "n_rows": 3132,
      "hist_b10c128_mean": 0.8712164307385029,
      "hist_b10c128_se": 0.004109336282485623,
      "hist_b18c384nbt_mean": 0.8037755190120436,
      "hist_b18c384nbt_se": 0.002694086182438966,
      "hist_b28c512nbt_mean": 0.7945979301041284,
      "hist_b28c512nbt_se": 0.01617322634658442,
      "modern_b10c128_mean": 0.8766564812777689,
      "modern_b10c128_se": 0.004048843457222937,
      "modern_b18c384nbt_mean": 0.8492019075222416,
      "modern_b18c384nbt_se": 0.008588896922425822,
      "modern_b28c512nbt_mean": 0.8574789843761654,
      "modern_b28c512nbt_se": 0.00797182450174523
    },
    {
      "fraction": 0.7,
      "n_sgf": 102,
      "n_rows": 3672,
      "hist_b10c128_mean": 0.8720379386233431,
      "hist_b10c128_se": 0.004802466408011902,
      "hist_b18c384nbt_mean": 0.804986761732137,
      "hist_b18c384nbt_se": 0.0037098778552867233,
      "hist_b28c512nbt_mean": 0.8009100136773383,
      "hist_b28c512nbt_se": 0.0114734495933912,
      "modern_b10c128_mean": 0.8843307417212242,
      "modern_b10c128_se": 0.0037543506439936913,
      "modern_b18c384nbt_mean": 0.8537771700565249,
      "modern_b18c384nbt_se": 0.01055801513621228,
      "modern_b28c512nbt_mean": 0.8432420607795358,
      "modern_b28c512nbt_se": 0.00686953798136753
    },
    {
      "fraction": 0.85,
      "n_sgf": 123,
      "n_rows": 4428,
      "hist_b10c128_mean": 0.8751171365982318,
      "hist_b10c128_se": 0.003975777257653208,
      "hist_b18c384nbt_mean": 0.816707950070265,
      "hist_b18c384nbt_se": 0.003181234127909235,
      "hist_b28c512nbt_mean": 0.8124035721654693,
      "hist_b28c512nbt_se": 0.008008869773997288,
      "modern_b10c128_mean": 0.8937555882555983,
      "modern_b10c128_se": 0.006451045292477294,
      "modern_b18c384nbt_mean": 0.866714769623912,
      "modern_b18c384nbt_se": 0.008993702284551366,
      "modern_b28c512nbt_mean": 0.8694514709983461,
      "modern_b28c512nbt_se": 0.003672384339229235
    },
    {
      "fraction": 1.0,
      "n_sgf": 145,
      "n_rows": 5220,
      "hist_b10c128_mean": 0.888004839745181,
      "hist_b10c128_se": 0.0034624902093687046,
      "hist_b18c384nbt_mean": 0.8150117011903654,
      "hist_b18c384nbt_se": 0.0020519990062424923,
      "hist_b28c512nbt_mean": 0.8154873228677474,
      "hist_b28c512nbt_se": 0.007167934332435597,
      "modern_b10c128_mean": 0.8894652848162645,
      "modern_b10c128_se": 0.004289014576360895,
      "modern_b18c384nbt_mean": 0.8624489857438323,
      "modern_b18c384nbt_se": 0.003909190712801489,
      "modern_b28c512nbt_mean": 0.8510267017915054,
      "modern_b28c512nbt_se": 0.009306064864975188
    }
  ],
  "extrapolations": {
    "hist_b10c128": {
      "fit_a": 0.8915260938971579,
      "fit_b": 0.5284305814516921,
      "fit_c": 0.7744696804978214,
      "at_n_580": 0.8876996376838189,
      "at_n_1450": 0.8896441603820074,
      "at_n_5000": 0.8908045748077338,
      "ceiling_a": 0.8915260938971579
    },
    "hist_b18c384nbt": {
      "fit_a": 1.4137506452977728,
      "fit_b": 0.7691929575101901,
      "fit_c": 0.05000086632380335,
      "at_n_580": 0.8541715192986495,
      "at_n_1450": 0.8792303982751964,
      "at_n_5000": 0.911311353721258,
      "ceiling_a": 1.4137506452977728
    },
    "hist_b28c512nbt": {
      "fit_a": 1.499999999931841,
      "fit_b": 0.9318915837712283,
      "fit_c": 0.06029249593009139,
      "at_n_580": 0.8650326148754733,
      "at_n_1450": 0.8991602978850186,
      "at_n_5000": 0.9423711231890671,
      "ceiling_a": 1.499999999931841
    },
    "modern_b10c128": {
      "fit_a": 1.1074427246239424,
      "fit_b": 0.3422841986164515,
      "fit_c": 0.09313997263043254,
      "at_n_580": 0.9182078211831357,
      "at_n_1450": 0.9336878003845654,
      "at_n_5000": 0.9526092408288179,
      "ceiling_a": 1.1074427246239424
    },
    "modern_b18c384nbt": {
      "fit_a": 1.4999999956157373,
      "fit_b": 0.8930411901438552,
      "fit_c": 0.06977999550460401,
      "at_n_580": 0.9271518684922382,
      "at_n_1450": 0.9626326827286614,
      "at_n_5000": 1.0071016275686726,
      "ceiling_a": 1.4999999956157373
    },
    "modern_b28c512nbt": {
      "fit_a": 1.4999999996810938,
      "fit_b": 0.8971095021471621,
      "fit_c": 0.06919551055648465,
      "at_n_580": 0.9223980562316778,
      "at_n_1450": 0.9578830528312524,
      "at_n_5000": 1.0023851422343262,
      "ceiling_a": 1.4999999996810938
    }
  },
  "fit_form": "eff(n) = a - b * n^(-c)",
  "n_arr_described": "n_sgf used in training subset"
}