{
  "learned_vf": {
    "b10c128": {
      "linear": {
        "mean": 0.743571396131232,
        "se": 0.01231648371169887,
        "n": 144
      },
      "log": {
        "mean": 0.7686933385500831,
        "se": 0.011859465734921268,
        "n": 144
      },
      "piecewise": {
        "mean": 0.9338042941474272,
        "se": 0.007575298383485769,
        "n": 145
      },
      "sqrt": {
        "mean": 0.7100183583433827,
        "se": 0.011833186488688257,
        "n": 144
      }
    },
    "b18c384nbt": {
      "linear": {
        "mean": 0.8029811652841163,
        "se": 0.012007699869192208,
        "n": 140
      },
      "log": {
        "mean": 0.827806348548021,
        "se": 0.008071425369855991,
        "n": 140
      },
      "piecewise": {
        "mean": 0.9660104720560385,
        "se": 0.005715655989141608,
        "n": 142
      },
      "sqrt": {
        "mean": 0.7644481465449433,
        "se": 0.009245890842419916,
        "n": 140
      }
    },
    "b28c512nbt": {
      "linear": {
        "mean": 0.7898714530440166,
        "se": 0.013303038020126043,
        "n": 140
      },
      "log": {
        "mean": 0.8290366533313667,
        "se": 0.009646606513628059,
        "n": 140
      },
      "piecewise": {
        "mean": 0.9642574052071163,
        "se": 0.007689555197830184,
        "n": 142
      },
      "sqrt": {
        "mean": 0.7697295264260493,
        "se": 0.010635967675403472,
        "n": 140
      }
    }
  },
  "headline_hand_crafted": {
    "b10c128": {
      "LEARNED": {
        "mean": 0.9338042941474272,
        "se": 0.007575298383485769,
        "n": 145
      },
      "greedy_eig+monte_carlo_sqrt+lcb_spread": {
        "mean": 0.6247906206896552,
        "se": 0.015294266083799392,
        "n": 145
      },
      "greedy_eig+diminishing_returns_log+lcb_spread": {
        "mean": 0.6042945103448276,
        "se": 0.01728169686954426,
        "n": 145
      },
      "greedy_eig+monte_carlo_sqrt+score_stdev": {
        "mean": 0.47652548275862067,
        "se": 0.008999641870413487,
        "n": 145
      },
      "baseline_v124_uniform": {
        "mean": 0.4757063448275862,
        "se": 0.008713237795920339,
        "n": 145
      }
    },
    "b18c384nbt": {
      "LEARNED": {
        "mean": 0.9660104720560385,
        "se": 0.005715655989141608,
        "n": 142
      },
      "greedy_eig+monte_carlo_sqrt+lcb_spread": {
        "mean": 0.6573932676056338,
        "se": 0.01509024043987388,
        "n": 142
      },
      "greedy_eig+diminishing_returns_log+lcb_spread": {
        "mean": 0.6300835563380282,
        "se": 0.01690369105787651,
        "n": 142
      },
      "greedy_eig+monte_carlo_sqrt+score_stdev": {
        "mean": 0.4787850704225352,
        "se": 0.012045226250166716,
        "n": 142
      },
      "baseline_v124_uniform": {
        "mean": 0.47024041549295775,
        "se": 0.012383435690214621,
        "n": 142
      }
    },
    "b28c512nbt": {
      "LEARNED": {
        "mean": 0.9642574052071163,
        "se": 0.007689555197830184,
        "n": 142
      },
      "greedy_eig+monte_carlo_sqrt+lcb_spread": {
        "mean": 0.6436101971830986,
        "se": 0.01798201544627473,
        "n": 142
      },
      "greedy_eig+diminishing_returns_log+lcb_spread": {
        "mean": 0.6276500915492957,
        "se": 0.019493983350373504,
        "n": 142
      },
      "greedy_eig+monte_carlo_sqrt+score_stdev": {
        "mean": 0.46854924647887325,
        "se": 0.012751830992347552,
        "n": 142
      },
      "baseline_v124_uniform": {
        "mean": 0.4568951690140845,
        "se": 0.01289617671261192,
        "n": 142
      }
    }
  }
}