{
  "modern_validation": {
    "b10c128": {
      "mean": 0.8928542028770161,
      "se": 0.018713625748028397,
      "n": 50
    },
    "b18c384nbt": {
      "mean": 0.8950937209202643,
      "se": 0.01545667009243023,
      "n": 50
    },
    "b28c512nbt": {
      "mean": 0.8531288172265756,
      "se": 0.026999267502391695,
      "n": 50
    }
  },
  "training_reference": {
    "b10c128": 0.9338,
    "b18c384nbt": 0.966,
    "b28c512nbt": 0.9643
  },
  "historical_validation_reference": {
    "b10c128": 0.8806,
    "b18c384nbt": 0.8106,
    "b28c512nbt": 0.8148
  }
}